{"data":[{"FgT":0.017342528328299522,"CacheT":0.0020229078363627195,"version":"7.8.18","BgT":1.1834086179733276},{"FgT":0.040548887103796005,"CacheT":0.0001064021562342532,"version":"7.8.17","BgT":1.3299843072891235}],"status":"true"}